{
  "ShowSendToMenu": true,
  "ShowOpenInNewWindow": true,
  "AppThemeSidebarBackgroundColor": "#181825",
  "ShowGitLastCommitDateColumn": false,
  "ShowOpenInNewPane": true,
  "DateTimeFormat": 0,
  "NameColumnWidth": 240,
  "AppThemeBackgroundImageHorizontalAlignment": 1,
  "GitStatusColumnWidth": 80,
  "OpenItemsWithOneClick": false,
  "UserId": "b741c3e2-0cf3-479d-9141-3915ebc8a16f",
  "AppThemeBackgroundColor": "#11111b",
  "IsDriveSectionExpanded": true,
  "SelectFilesOnHover": false,
  "GitCommitAuthorColumnWidth": 140,
  "AppThemeFontFamily": "Segoe UI Variable",
  "AppThemeToolbarBackgroundColor": "",
  "ScrollToPreviousFolderWhenNavigatingUp": true,
  "IsWslSectionExpanded": true,
  "ShowCreateFolderWithSelection": true,
  "DetailsViewSize": 2,
  "ShowCopyPath": true,
  "ShowNetworkLocationsWidget": true,
  "DoubleClickToGoUp": true,
  "NetworkLocationsWidgetExpanded": false,
  "DefaultSortDirectoriesAlongsideFiles": false,
  "ShowQuickAccessWidget": false,
  "IsPinnedSectionExpanded": true,
  "ShowDateColumn": true,
  "ShowCreateShortcut": true,
  "IsSidebarOpen": true,
  "GridViewSize": 8,
  "RestoreTabsOnStartup": false,
  "AppThemeAddressBarBackgroundColor": "#1e1e2e",
  "AppThemeBackgroundImageFit": 3,
  "ShowPinnedSection": true,
  "ShowGitLastCommitShaColumn": false,
  "IsInfoPaneEnabled": false,
  "ShowFileExtensionWarning": false,
  "DefaultDirectorySortDirection": 0,
  "ShowGitLastCommitMessageColumn": false,
  "ColumnLayoutOpenFoldersWithOneClick": true,
  "AppThemeInfoPaneBackgroundColor": "",
  "AlwaysOpenDualPaneInNewTab": true,
  "ShowSyncStatusColumn": true,
  "DefaultLayoutMode": 0,
  "GitLastCommitMessageColumnWidth": 140,
  "ContinueLastSessionOnStartUp": false,
  "TypeColumnWidth": 140,
  "ShowStatusCenterTeachingTip": false,
  "ShowCheckboxesWhenSelectingItems": false,
  "ShowGitStatusColumn": false,
  "ShowOpenInNewTab": true,
  "ShowDrivesSection": true,
  "ShowSizeColumn": true,
  "ShowFileExtensions": true,
  "SyncStatusColumnWidth": 50,
  "MoveShellExtensionsToSubMenu": true,
  "ShowSystemTrayIcon": true,
  "SidebarWidth": 255,
  "ShowTypeColumn": true,
  "GitLastCommitDateColumnWidth": 140,
  "IsNetworkSectionExpanded": false,
  "DateModifiedColumnWidth": 200,
  "VerticalSizePx": 250,
  "ShowProtectedSystemFiles": true,
  "ShowThumbnails": true,
  "ShowGitCommitAuthorColumn": false,
  "ListViewSize": 2,
  "OpenSpecificPageOnStartup": false,
  "ShowHiddenItems": true,
  "ShowFileTagsWidget": false,
  "ShowDateDeletedColumn": true,
  "AreAlternateStreamsVisible": false,
  "CardsViewSize": 1,
  "LeaveAppRunning": true,
  "ShowTabActions": true,
  "ShowShelfPane": false,
  "ConflictsResolveOption": 1,
  "AppThemeFileAreaSecondaryBackgroundColor": "",
  "ShowDotFiles": true,
  "RecentFilesWidgetExpanded": true,
  "ShowRecentFilesWidget": false,
  "ShowDateCreatedColumn": false,
  "OpenNewTabOnStartup": true,
  "ShowFileTagColumn": false,
  "DateCreatedColumnWidth": 200,
  "ShowPathColumn": true,
  "ShowBackgroundRunningNotification": false,
  "DeleteConfirmationPolicy": 0,
  "DrivesWidgetExpanded": true,
  "TabsOnStartupList": null,
  "SizeColumnWidth": 100,
  "ShowFileTagsSection": true,
  "OpenFoldersInNewTab": false,
  "AppThemeBackgroundImageSource": "",
  "ShowNetworkSection": true,
  "OpenInIDEOption": 0,
  "SyncFolderPreferencesAcrossDirectories": false,
  "IsFileTagsSectionExpanded": false,
  "AppThemeBackdropMaterial": 3,
  "CalculateFolderSizes": false,
  "DefaultSortOption": 0,
  "ShowHomeButton": false,
  "ColumnsViewSize": 2,
  "ShowOriginalPathColumn": true,
  "ShowCloudDrivesSection": true,
  "ShowWslSection": true,
  "ShowLibrarySection": false,
  "PathColumnWidth": 200,
  "ShowCreateAlternateDataStream": false,
  "DateDeletedColumnWidth": 200,
  "DefaultGroupByDateUnit": 0,
  "FoldersWidgetExpanded": true,
  "GitLastCommitShaColumnWidth": 80,
  "AlwaysSwitchToNewlyOpenedTab": true,
  "DefaultGroupOption": 5,
  "OriginalPathColumnWidth": 200,
  "ActionsV2": null,
  "IsCloudDriveSectionExpanded": true,
  "ShowShelfPaneToggleButton": false,
  "ShowCompressionOptions": true,
  "ShowEditTagsMenu": true,
  "DefaultSortFilesFirst": false,
  "DefaultDirectoryGroupDirection": 0,
  "ShowFlattenOptions": false,
  "AppThemeFileAreaBackgroundColor": "#1e1e2e",
  "AppThemeMode": "Dark",
  "TagColumnWidth": 140,
  "AppThemeBackgroundImageOpacity": 1,
  "ShellPaneArrangementOption": 1,
  "AppThemeBackgroundImageVerticalAlignment": 1,
  "ShowToolbar": true,
  "ShowDrivesWidget": true,
  "OpenTabInExistingInstance": true,
  "SelectedTab": 0
}